Name,Price
AirForce Laced Up Comfortable Stylish Sneaker Shoes For Men By Jutta Ghar Nepal (Updated Colours),Rs.1,489
Air Force 1 SB Wolf Grey Suede Premium Sneaker for Men,Rs.1,499
Airforce 1 Grey White Lightweight Sneaker Shoes For Men,Rs.1,349
Black Ankle Cut Printed Bandana Synthetic Round Toe Lace-Up Closure Medium Width Casual/Sport Sneakers For Men And Women,Rs.500
AF1 Suede Premium Sneaker for Men,Rs.5,499
Black Bandana Lightweight Ankle Cut Printed Casual Sneakers Shoes For Men,Rs.498
Black Bandana Lightweight Ankle Cut Printed Casual Sneakers Shoes For Men,Rs.649
Slazenger Olive Lifestyle Shoes For Men SLCS10560,Rs.1,469
Slazenger Navy Blue Running Shoes For Men SLCS10223,Rs.1,409
AF1 Grey White Sneaker for Men,Rs.1,499
Slazenger Black Lifestyle Shoes For Men SLCS10559,Rs.1,469
Air Force 1 Full White Premium Sneaker for Men,Rs.1,499
Slazenger Dark Grey Running Shoes For Men SLCS10223,Rs.1,409
Slazenger Black Running Shoes For Men SLCS10448,Rs.1,409
Slazenger Grey Lifestyle Shoes For Men SLCS10478,Rs.1,469
Slazenger Navy Blue Running Shoes For Men SLCS10478,Rs.1,469
All White Lightweight Sneaker Shoes For Men,Rs.1,349
Air Force 1 High Top Full White Sneaker with Belt for Men,Rs.1,799
AirForce Laced Up Interlocked Comfortable Stylish Sneaker Shoes For Men By Jutta Ghar Nepal (Multicolour),Rs.1,499
AR Jordan 1 High University Blue Sneaker for Men,Rs.1,999
